{
  "emotion": {
    "document": {
      "emotion": {
        "sadness": 0.112262,
        "joy": 0.054063,
        "fear": 0.089145,
        "disgust": 0.08987,
        "anger": 0.131422
      }
    }
  }
}
{
  "emotion": {
    "document": {
      "emotion": {
        "sadness": 0.146167,
        "joy": 0.039868,
        "fear": 0.116523,
        "disgust": 0.142237,
        "anger": 0.081096
      }
    }
  }
}
{
  "emotion": {
    "document": {
      "emotion": {
        "sadness": 0.128094,
        "joy": 0.10029,
        "fear": 0.07887,
        "disgust": 0.137403,
        "anger": 0.053051
      }
    }
  }
}
{
  "emotion": {
    "document": {
      "emotion": {
        "sadness": 0.144801,
        "joy": 0.060235,
        "fear": 0.014077,
        "disgust": 0.166476,
        "anger": 0.122802
      }
    }
  }
}
{
  "emotion": {
    "document": {
      "emotion": {
        "sadness": 0.106589,
        "joy": 0.154085,
        "fear": 0.014898,
        "disgust": 0.079473,
        "anger": 0.06523
      }
    }
  }
}
{
  "emotion": {
    "document": {
      "emotion": {
        "sadness": 0.140308,
        "joy": 0.065177,
        "fear": 0.019507,
        "disgust": 0.167493,
        "anger": 0.045107
      }
    }
  }
}
{
  "emotion": {
    "document": {
      "emotion": {
        "sadness": 0.179103,
        "joy": 0.126276,
        "fear": 0.023174,
        "disgust": 0.110603,
        "anger": 0.045345
      }
    }
  }
}
{
  "emotion": {
    "document": {
      "emotion": {
        "sadness": 0.208882,
        "joy": 0.04741,
        "fear": 0.020714,
        "disgust": 0.102711,
        "anger": 0.19109
      }
    }
  }
}
{
  "emotion": {
    "document": {
      "emotion": {
        "sadness": 0.146971,
        "joy": 0.054163,
        "fear": 0.040615,
        "disgust": 0.15721,
        "anger": 0.090518
      }
    }
  }
}
{
  "emotion": {
    "document": {
      "emotion": {
        "sadness": 0.100004,
        "joy": 0.075153,
        "fear": 0.015472,
        "disgust": 0.197877,
        "anger": 0.166508
      }
    }
  }
}
{
  "emotion": {
    "document": {
      "emotion": {
        "sadness": 0.134043,
        "joy": 0.028806,
        "fear": 0.024501,
        "disgust": 0.046441,
        "anger": 0.190193
      }
    }
  }
}
{
  "emotion": {
    "document": {
      "emotion": {
        "sadness": 0.178572,
        "joy": 0.119889,
        "fear": 0.045493,
        "disgust": 0.105137,
        "anger": 0.10953
      }
    }
  }
}
{
  "emotion": {
    "document": {
      "emotion": {
        "sadness": 0.185332,
        "joy": 0.038356,
        "fear": 0.032595,
        "disgust": 0.147566,
        "anger": 0.101699
      }
    }
  }
}
{
  "emotion": {
    "document": {
      "emotion": {
        "sadness": 0.229627,
        "joy": 0.042598,
        "fear": 0.020317,
        "disgust": 0.12822,
        "anger": 0.084182
      }
    }
  }
}
{
  "emotion": {
    "document": {
      "emotion": {
        "sadness": 0.298803,
        "joy": 0.029444,
        "fear": 0.038235,
        "disgust": 0.094079,
        "anger": 0.191493
      }
    }
  }
}
{
  "emotion": {
    "document": {
      "emotion": {
        "sadness": 0.131268,
        "joy": 0.163929,
        "fear": 0.019738,
        "disgust": 0.072601,
        "anger": 0.06138
      }
    }
  }
}
{
  "emotion": {
    "document": {
      "emotion": {
        "sadness": 0.262479,
        "joy": 0.039897,
        "fear": 0.012007,
        "disgust": 0.027937,
        "anger": 0.067094
      }
    }
  }
}
{
  "emotion": {
    "document": {
      "emotion": {
        "sadness": 0.126211,
        "joy": 0.049438,
        "fear": 0.043403,
        "disgust": 0.101167,
        "anger": 0.094612
      }
    }
  }
}
{
  "emotion": {
    "document": {
      "emotion": {
        "sadness": 0.121805,
        "joy": 0.030199,
        "fear": 0.035699,
        "disgust": 0.135133,
        "anger": 0.088532
      }
    }
  }
}
{
  "emotion": {
    "document": {
      "emotion": {
        "sadness": 0.184325,
        "joy": 0.053259,
        "fear": 0.027896,
        "disgust": 0.085289,
        "anger": 0.052619
      }
    }
  }
}
{
  "emotion": {
    "document": {
      "emotion": {
        "sadness": 0.145704,
        "joy": 0.094653,
        "fear": 0.021549,
        "disgust": 0.091566,
        "anger": 0.060256
      }
    }
  }
}
{
  "emotion": {
    "document": {
      "emotion": {
        "sadness": 0.21938,
        "joy": 0.039045,
        "fear": 0.053689,
        "disgust": 0.103802,
        "anger": 0.049896
      }
    }
  }
}
{
  "emotion": {
    "document": {
      "emotion": {
        "sadness": 0.144947,
        "joy": 0.113671,
        "fear": 0.027634,
        "disgust": 0.101031,
        "anger": 0.062435
      }
    }
  }
}
{
  "emotion": {
    "document": {
      "emotion": {
        "sadness": 0.189382,
        "joy": 0.121066,
        "fear": 0.014073,
        "disgust": 0.063608,
        "anger": 0.059883
      }
    }
  }
}
{
  "emotion": {
    "document": {
      "emotion": {
        "sadness": 0.270122,
        "joy": 0.0379,
        "fear": 0.008987,
        "disgust": 0.06445,
        "anger": 0.114943
      }
    }
  }
}
{
  "emotion": {
    "document": {
      "emotion": {
        "sadness": 0.215317,
        "joy": 0.055036,
        "fear": 0.020392,
        "disgust": 0.065863,
        "anger": 0.078968
      }
    }
  }
}
{
  "emotion": {
    "document": {
      "emotion": {
        "sadness": 0.130286,
        "joy": 0.082344,
        "fear": 0.032956,
        "disgust": 0.084531,
        "anger": 0.172861
      }
    }
  }
}
{
  "emotion": {
    "document": {
      "emotion": {
        "sadness": 0.139121,
        "joy": 0.041665,
        "fear": 0.114579,
        "disgust": 0.10407,
        "anger": 0.064916
      }
    }
  }
}
{
  "emotion": {
    "document": {
      "emotion": {
        "sadness": 0.23842,
        "joy": 0.040901,
        "fear": 0.027908,
        "disgust": 0.165344,
        "anger": 0.050035
      }
    }
  }
}
{
  "emotion": {
    "document": {
      "emotion": {
        "sadness": 0.200235,
        "joy": 0.055649,
        "fear": 0.027572,
        "disgust": 0.165492,
        "anger": 0.138233
      }
    }
  }
}
{
  "emotion": {
    "document": {
      "emotion": {
        "sadness": 0.29095,
        "joy": 0.047076,
        "fear": 0.031362,
        "disgust": 0.110318,
        "anger": 0.068028
      }
    }
  }
}
{
  "emotion": {
    "document": {
      "emotion": {
        "sadness": 0.286127,
        "joy": 0.038587,
        "fear": 0.036512,
        "disgust": 0.128955,
        "anger": 0.087859
      }
    }
  }
}
{
  "emotion": {
    "document": {
      "emotion": {
        "sadness": 0.163088,
        "joy": 0.050922,
        "fear": 0.028862,
        "disgust": 0.10359,
        "anger": 0.090462
      }
    }
  }
}
{
  "emotion": {
    "document": {
      "emotion": {
        "sadness": 0.177815,
        "joy": 0.058958,
        "fear": 0.089672,
        "disgust": 0.195855,
        "anger": 0.120926
      }
    }
  }
}
{
  "emotion": {
    "document": {
      "emotion": {
        "sadness": 0.205683,
        "joy": 0.050525,
        "fear": 0.009163,
        "disgust": 0.157344,
        "anger": 0.131769
      }
    }
  }
}
{
  "emotion": {
    "document": {
      "emotion": {
        "sadness": 0.156989,
        "joy": 0.035798,
        "fear": 0.034647,
        "disgust": 0.148885,